filename,label
image_01148_1.png,1
image_00604_0.png,0
image_01778_1.png,1
image_00660_1.png,1
image_00554_1.png,1
image_00289_1.png,1
image_01723_1.png,1
image_01771_1.png,1
image_00966_1.png,1
image_00218_1.png,1
image_00629_1.png,1
image_00408_1.png,1
image_00198_1.png,1
image_00801_1.png,1
image_01448_1.png,1
image_00219_1.png,1
image_01736_1.png,1
image_00673_1.png,1
image_01136_1.png,1
image_01750_1.png,1
image_01209_1.png,1
image_00957_1.png,1
image_00782_0.png,0
image_00923_1.png,1
image_01231_1.png,1
image_00694_1.png,1
image_01138_1.png,1
image_01585_1.png,1
image_00609_1.png,1
image_01608_0.png,0
image_01026_1.png,1
image_01173_1.png,1
image_00603_1.png,1
image_01796_1.png,1
image_00460_0.png,0
image_01318_1.png,1
image_00548_1.png,1
image_01264_1.png,1
image_00612_1.png,1
image_00411_1.png,1
image_01332_1.png,1
image_00328_1.png,1
image_01543_1.png,1
image_00134_1.png,1
image_01317_1.png,1
image_01320_1.png,1
image_00421_1.png,1
image_00588_1.png,1
image_00329_1.png,1
image_00432_1.png,1
image_00776_1.png,1
image_01028_1.png,1
image_01532_1.png,1
image_01105_1.png,1
image_01794_1.png,1
image_01668_0.png,0
image_01025_1.png,1
image_01336_0.png,0
image_01658_1.png,1
image_01567_1.png,1
image_00791_1.png,1
image_00338_1.png,1
image_00126_1.png,1
image_01134_1.png,1
image_00936_1.png,1
image_01631_1.png,1
image_01313_1.png,1
image_01786_1.png,1
image_00605_1.png,1
image_00108_1.png,1
image_00476_1.png,1
image_01724_1.png,1
image_01501_1.png,1
image_01377_1.png,1
image_00118_1.png,1
image_01711_1.png,1
image_01477_1.png,1
image_01132_1.png,1
image_00440_1.png,1
image_01145_1.png,1
image_01116_0.png,0
image_00743_1.png,1
image_00230_1.png,1
image_01245_1.png,1
image_01218_1.png,1
image_00645_1.png,1
image_01719_1.png,1
image_01249_1.png,1
image_00834_1.png,1
image_01620_1.png,1
image_01344_1.png,1
image_00804_0.png,0
image_00744_0.png,0
image_01242_0.png,0
image_01484_1.png,1
image_00170_1.png,1
image_00631_1.png,1
image_01205_1.png,1
image_01199_1.png,1
image_00600_1.png,1
image_01021_1.png,1
image_00393_1.png,1
image_00587_1.png,1
image_00889_1.png,1
image_01412_0.png,0
image_01561_1.png,1
image_00082_1.png,1
image_00712_1.png,1
image_01581_1.png,1
image_01015_1.png,1
image_00672_1.png,1
image_01191_1.png,1
image_01282_1.png,1
image_01496_1.png,1
image_00169_1.png,1
image_01415_1.png,1
image_01228_1.png,1
image_00872_0.png,0
image_01621_1.png,1
image_00050_1.png,1
image_01640_1.png,1
image_01558_0.png,0
image_01542_1.png,1
image_00109_1.png,1
image_00692_1.png,1
image_00295_0.png,0
image_00052_1.png,1
image_01453_1.png,1
image_00164_1.png,1
image_00650_1.png,1
image_00903_1.png,1
image_00102_1.png,1
image_01387_1.png,1
image_00593_1.png,1
image_01102_1.png,1
image_00064_1.png,1
image_00257_1.png,1
image_01091_1.png,1
image_00658_1.png,1
image_00731_1.png,1
image_01006_1.png,1
image_01127_1.png,1
image_01745_1.png,1
image_01747_1.png,1
image_01685_1.png,1
image_01305_1.png,1
image_00361_1.png,1
image_01113_0.png,0
image_01258_1.png,1
image_01754_1.png,1
image_00144_1.png,1
image_01164_1.png,1
image_00793_1.png,1
image_00138_0.png,0
image_00286_1.png,1
image_00461_1.png,1
image_01222_1.png,1
image_01385_1.png,1
image_01642_1.png,1
image_01082_1.png,1
image_01759_1.png,1
image_00990_1.png,1
image_00486_1.png,1
image_00324_1.png,1
image_01670_1.png,1
image_01633_1.png,1
image_01665_1.png,1
image_00984_1.png,1
image_00468_1.png,1
image_00896_1.png,1
image_00427_1.png,1
image_01793_1.png,1
image_01298_1.png,1
image_01284_1.png,1
image_00829_1.png,1
image_00810_1.png,1
image_00185_1.png,1
image_01460_1.png,1
image_00273_1.png,1
image_01519_0.png,0
image_01263_1.png,1
image_00221_1.png,1
image_01537_1.png,1
image_00871_1.png,1
image_01007_1.png,1
image_01362_1.png,1
image_00062_1.png,1
image_01376_1.png,1
image_01189_0.png,0
image_00563_1.png,1
image_01768_1.png,1
image_00688_1.png,1
image_00474_1.png,1
image_01553_1.png,1
image_01093_1.png,1
image_01699_1.png,1
image_00564_1.png,1
image_00703_1.png,1
image_01446_1.png,1
image_01182_1.png,1
image_00493_0.png,0
image_01609_0.png,0
image_01162_1.png,1
image_00828_1.png,1
image_00959_1.png,1
image_00015_0.png,0
image_01424_1.png,1
image_01408_1.png,1
image_01384_1.png,1
image_01008_1.png,1
image_00044_1.png,1
image_00789_0.png,0
image_00394_1.png,1
image_01141_1.png,1
image_00835_0.png,0
image_00617_1.png,1
image_01131_1.png,1
image_01417_1.png,1
image_01174_1.png,1
image_00194_1.png,1
image_00343_1.png,1
image_00557_1.png,1
image_01762_1.png,1
image_00307_1.png,1
image_00891_1.png,1
image_00119_1.png,1
image_00374_1.png,1
image_00765_1.png,1
image_00180_1.png,1
image_01697_1.png,1
image_01439_1.png,1
image_01237_0.png,0
image_01456_1.png,1
image_01369_1.png,1
image_01777_1.png,1
image_01323_0.png,0
image_00059_1.png,1
image_01401_1.png,1
image_00251_0.png,0
image_01457_0.png,0
image_00043_1.png,1
image_01042_1.png,1
image_01526_1.png,1
image_01379_1.png,1
image_01595_1.png,1
image_01455_1.png,1
image_00746_1.png,1
image_01686_1.png,1
image_01709_1.png,1
image_01073_1.png,1
image_00001_1.png,1
image_00837_1.png,1
image_00677_1.png,1
image_00585_0.png,0
image_00473_1.png,1
image_00154_1.png,1
image_00705_1.png,1
image_00717_1.png,1
image_01569_1.png,1
image_01701_1.png,1
image_01014_1.png,1
image_01678_1.png,1
image_00167_1.png,1
image_01074_1.png,1
image_01052_1.png,1
image_00832_1.png,1
image_00843_1.png,1
image_01442_1.png,1
image_00718_0.png,0
image_00487_1.png,1
image_01739_1.png,1
image_00623_1.png,1
image_01557_1.png,1
image_01433_1.png,1
image_00389_1.png,1
image_00471_1.png,1
image_00932_0.png,0
image_00069_0.png,0
image_01267_1.png,1
image_00693_1.png,1
image_01221_1.png,1
image_01761_1.png,1
image_00669_0.png,0
image_01327_1.png,1
image_01358_1.png,1
image_00892_1.png,1
image_00626_1.png,1
image_00028_1.png,1
image_01211_1.png,1
image_00670_1.png,1
image_00149_1.png,1
image_00016_1.png,1
image_00783_1.png,1
image_01463_0.png,0
image_00088_1.png,1
image_01588_1.png,1
image_01087_1.png,1
image_00004_1.png,1
image_00813_0.png,0
image_00890_1.png,1
image_00518_1.png,1
image_00540_1.png,1
image_00978_1.png,1
image_01090_1.png,1
image_00105_1.png,1
image_01110_1.png,1
image_00842_1.png,1
image_01490_1.png,1
image_01170_1.png,1
image_00356_1.png,1
image_01765_0.png,0
image_00313_1.png,1
image_00272_1.png,1
image_01705_1.png,1
image_00166_1.png,1
image_01092_1.png,1
image_01390_1.png,1
image_00248_1.png,1
image_01097_1.png,1
image_00646_0.png,0
image_01004_0.png,0
image_01349_1.png,1
image_01744_1.png,1
image_01702_1.png,1
image_01208_1.png,1
image_00147_1.png,1
image_01535_1.png,1
image_01483_1.png,1
image_00024_1.png,1
image_00145_1.png,1
image_01363_1.png,1
image_00232_1.png,1
image_01106_1.png,1
image_01216_1.png,1
image_00263_1.png,1
image_01068_1.png,1
image_01297_1.png,1
image_00049_1.png,1
image_00586_1.png,1
image_00723_1.png,1
image_01147_1.png,1
image_01603_1.png,1
image_00827_1.png,1
image_01107_1.png,1
image_00442_1.png,1
image_00097_1.png,1
image_01791_1.png,1
image_00157_1.png,1
image_01551_1.png,1
image_00758_1.png,1
image_01528_1.png,1
image_00254_1.png,1
image_01654_1.png,1
image_01471_1.png,1
image_00781_1.png,1
image_00553_1.png,1
image_01738_1.png,1
image_01295_1.png,1
image_01079_1.png,1
image_01734_1.png,1
image_00387_1.png,1
image_00939_0.png,0
image_00967_1.png,1
image_01331_1.png,1
image_01645_1.png,1
image_00867_1.png,1
image_00728_1.png,1
image_01755_1.png,1
image_01080_1.png,1
image_01737_1.png,1
image_01727_1.png,1
image_01799_0.png,0
image_01064_1.png,1
image_00686_1.png,1
image_00656_1.png,1
image_01536_1.png,1
image_00202_1.png,1
image_00319_0.png,0
image_01219_1.png,1
image_01742_1.png,1
image_00780_1.png,1
image_00057_1.png,1
image_01054_1.png,1
image_00237_1.png,1
image_01789_1.png,1
image_01240_1.png,1
image_01077_1.png,1
image_01395_1.png,1
image_01531_1.png,1
image_01229_1.png,1
image_01680_1.png,1
image_01634_1.png,1
image_01371_1.png,1
image_01507_1.png,1
image_00270_1.png,1
image_00887_0.png,0
image_00259_1.png,1
image_01274_1.png,1
image_00071_1.png,1
image_01574_1.png,1
image_00621_1.png,1
image_00247_1.png,1
image_01534_1.png,1
image_00655_1.png,1
image_01119_1.png,1
image_00622_1.png,1
image_01708_1.png,1
image_01036_1.png,1
image_00379_0.png,0
image_01275_1.png,1
image_01511_1.png,1
image_00846_1.png,1
image_00100_1.png,1
image_01790_1.png,1
image_01180_1.png,1
image_00404_1.png,1
image_01696_1.png,1
image_00993_1.png,1
image_01196_1.png,1
image_01069_1.png,1
image_00799_1.png,1
image_01752_1.png,1
image_01413_0.png,0
image_01494_1.png,1
image_01636_1.png,1
image_00616_1.png,1
image_01414_1.png,1
image_00915_1.png,1
image_00720_1.png,1
image_00735_1.png,1
image_00160_1.png,1
image_00333_1.png,1
image_00465_1.png,1
image_00031_1.png,1
image_00994_1.png,1
image_00730_1.png,1
image_00579_1.png,1
image_01481_1.png,1
image_00121_1.png,1
image_00514_1.png,1
image_01725_0.png,0
image_00040_1.png,1
image_01684_1.png,1
image_01560_1.png,1
image_01769_1.png,1
image_00661_1.png,1
image_00971_0.png,0
image_00879_1.png,1
image_00060_1.png,1
image_00070_1.png,1
image_00909_1.png,1
image_00008_1.png,1
image_00074_1.png,1
image_00125_1.png,1
image_01646_0.png,0
image_00280_1.png,1
image_01250_1.png,1
image_01251_1.png,1
image_01255_1.png,1
image_00596_1.png,1
image_01566_1.png,1
image_01391_1.png,1
image_00551_0.png,0
image_01792_1.png,1
image_01083_1.png,1
image_00500_0.png,0
image_00086_1.png,1
image_00543_1.png,1
image_01104_1.png,1
image_00136_1.png,1
image_00418_1.png,1
image_00814_0.png,0
image_01176_1.png,1
image_01499_0.png,0
image_00706_1.png,1
image_01616_1.png,1
image_00459_1.png,1
image_01177_1.png,1
image_00274_1.png,1
image_00179_1.png,1
image_00886_0.png,0
image_00533_1.png,1
image_01010_1.png,1
image_01721_1.png,1
image_01234_1.png,1
image_01355_1.png,1
image_01128_1.png,1
image_01398_1.png,1
image_01703_1.png,1
image_00509_1.png,1
image_00336_1.png,1
image_00446_0.png,0
image_01027_1.png,1
image_01304_0.png,0
image_01495_1.png,1
image_00574_1.png,1
image_00859_1.png,1
image_00026_1.png,1
image_01013_1.png,1
image_00407_1.png,1
image_01204_1.png,1
image_01139_1.png,1
image_01527_1.png,1
image_01652_1.png,1
image_01239_1.png,1
image_00412_1.png,1
image_00480_1.png,1
image_00207_1.png,1
image_01022_1.png,1
image_00785_1.png,1
image_01347_1.png,1
image_01493_1.png,1
image_00881_1.png,1
image_00544_0.png,0
image_01143_0.png,0
image_00156_1.png,1
image_01540_1.png,1
image_00876_1.png,1
image_00298_1.png,1
image_00430_0.png,0
image_01451_1.png,1
image_00614_1.png,1
image_00627_1.png,1
image_01271_1.png,1
image_01753_1.png,1
image_01788_1.png,1
image_00498_1.png,1
image_00204_1.png,1
image_00234_1.png,1
image_00738_1.png,1
image_00158_1.png,1
image_00675_1.png,1
image_00696_1.png,1
image_00531_1.png,1
image_00182_1.png,1
image_01714_1.png,1
image_01651_1.png,1
image_00217_1.png,1
image_00113_1.png,1
image_00203_1.png,1
image_01029_1.png,1
image_01505_1.png,1
image_00300_1.png,1
image_01522_1.png,1
image_00288_1.png,1
image_00395_1.png,1
image_00214_1.png,1
image_00327_1.png,1
image_01294_1.png,1
image_01732_1.png,1
image_00039_1.png,1
image_00021_1.png,1
image_00226_0.png,0
image_01530_0.png,0
image_00803_1.png,1
image_00777_1.png,1
image_01438_1.png,1
image_01756_1.png,1
image_00199_1.png,1
image_01416_1.png,1
image_00458_1.png,1
image_00019_1.png,1
image_00524_1.png,1
image_00377_1.png,1
image_00211_0.png,0
image_00812_0.png,0
image_01075_1.png,1
image_01604_0.png,0
image_00357_1.png,1
image_00635_1.png,1
image_01800_0.png,0
image_01012_1.png,1
image_00444_1.png,1
image_00296_1.png,1
image_01034_1.png,1
image_01210_0.png,0
image_01167_1.png,1
image_00847_1.png,1
image_00436_1.png,1
image_01179_1.png,1
image_00861_1.png,1
image_00419_1.png,1
image_01364_1.png,1
image_01599_1.png,1
image_00941_1.png,1
image_00463_1.png,1
image_00225_1.png,1
image_01611_1.png,1
image_00405_1.png,1
image_00253_1.png,1
image_00569_0.png,0
image_01740_0.png,0
image_00238_1.png,1
image_00321_1.png,1
image_01743_1.png,1
image_00772_1.png,1
image_00228_1.png,1
image_01135_1.png,1
image_01220_1.png,1
image_00431_1.png,1
image_01172_1.png,1
image_00767_1.png,1
image_01382_1.png,1
image_00559_1.png,1
image_01515_1.png,1
image_00737_1.png,1
image_01055_1.png,1
image_01741_1.png,1
image_00558_1.png,1
image_00315_1.png,1
image_01184_1.png,1
image_01151_1.png,1
image_00142_0.png,0
image_01459_1.png,1
image_01016_0.png,0
image_01671_1.png,1
image_00981_1.png,1
image_00231_1.png,1
image_00150_1.png,1
image_01716_1.png,1
image_01418_1.png,1
image_00133_1.png,1
image_00368_1.png,1
image_01257_1.png,1
image_01472_1.png,1
image_00733_0.png,0
image_01330_1.png,1
image_01628_1.png,1
image_01770_0.png,0
image_00023_1.png,1
image_00441_0.png,0
image_01322_1.png,1
image_01533_1.png,1
image_00312_1.png,1
image_00534_1.png,1
image_00986_1.png,1
image_01664_1.png,1
image_00875_1.png,1
image_01126_1.png,1
image_01158_1.png,1
image_01048_1.png,1
image_01348_1.png,1
image_01085_1.png,1
image_00112_1.png,1
image_01081_1.png,1
image_01024_1.png,1
image_00457_0.png,0
image_01066_1.png,1
image_01434_1.png,1
image_01564_1.png,1
image_00047_1.png,1
image_01108_1.png,1
image_00349_1.png,1
image_00849_1.png,1
image_01163_1.png,1
image_00484_1.png,1
image_00786_0.png,0
image_00699_1.png,1
image_00904_1.png,1
image_00747_1.png,1
image_00177_1.png,1
image_00578_1.png,1
image_00124_1.png,1
image_01353_1.png,1
image_01277_1.png,1
image_00830_0.png,0
image_00111_0.png,0
image_00128_1.png,1
image_01406_1.png,1
image_01624_1.png,1
image_01568_1.png,1
image_01037_0.png,0
image_00462_0.png,0
image_00314_1.png,1
image_01334_0.png,0
image_01641_1.png,1
image_00568_1.png,1
image_00206_1.png,1
image_00648_1.png,1
image_01497_1.png,1
image_00171_1.png,1
image_01109_1.png,1
image_00949_0.png,0
image_01286_0.png,0
image_01470_1.png,1
image_00977_1.png,1
image_01236_1.png,1
image_01748_1.png,1
image_01099_1.png,1
image_01287_1.png,1
image_00439_1.png,1
image_00316_1.png,1
image_00425_1.png,1
image_00048_1.png,1
image_00963_1.png,1
image_00184_1.png,1
image_01575_1.png,1
image_01605_1.png,1
image_00095_1.png,1
image_00345_1.png,1
image_00415_1.png,1
image_01763_1.png,1
image_00045_1.png,1
image_00682_1.png,1
image_00628_1.png,1
image_00351_1.png,1
image_01524_1.png,1
image_00450_1.png,1
image_00972_1.png,1
image_01084_1.png,1
image_00874_1.png,1
image_01269_1.png,1
image_01690_1.png,1
image_01123_1.png,1
image_01488_0.png,0
image_01751_1.png,1
image_01525_1.png,1
image_01677_1.png,1
image_00714_0.png,0
image_00811_0.png,0
image_00303_1.png,1
image_01368_1.png,1
image_01767_1.png,1
image_00443_1.png,1
image_00245_1.png,1
image_00323_1.png,1
image_00041_1.png,1
image_00213_1.png,1
image_01773_1.png,1
image_00391_1.png,1
image_01161_1.png,1
image_00087_1.png,1
image_01644_1.png,1
image_00359_1.png,1
image_00103_1.png,1
image_00755_1.png,1
image_01503_1.png,1
image_00366_1.png,1
image_00007_1.png,1
image_00715_1.png,1
image_00413_1.png,1
image_01058_1.png,1
image_00900_1.png,1
image_00750_1.png,1
image_01360_1.png,1
image_01733_1.png,1
image_00607_1.png,1
image_00453_1.png,1
image_00546_1.png,1
image_00068_1.png,1
image_00922_1.png,1
image_01782_1.png,1
image_01643_1.png,1
image_00235_1.png,1
image_00739_1.png,1
image_00697_1.png,1
image_00869_1.png,1
image_00417_1.png,1
image_01115_1.png,1
image_00240_1.png,1
image_01409_1.png,1
image_00282_1.png,1
image_00608_1.png,1
image_00042_1.png,1
image_00679_1.png,1
image_00262_0.png,0
image_01615_1.png,1
image_00398_1.png,1
image_00740_1.png,1
image_01301_1.png,1
image_01447_1.png,1
image_01040_1.png,1
image_00447_1.png,1
image_00347_1.png,1
image_01266_1.png,1
image_01500_1.png,1
image_01443_1.png,1
image_00277_1.png,1
image_00549_1.png,1
image_00397_1.png,1
image_01225_1.png,1
image_01622_1.png,1
image_01516_1.png,1
image_01346_1.png,1
image_00901_1.png,1
image_01403_1.png,1
image_00205_1.png,1
image_00565_1.png,1
image_01691_1.png,1
image_01491_1.png,1
image_00566_1.png,1
image_00099_1.png,1
image_00066_1.png,1
image_00724_1.png,1
image_01060_1.png,1
image_01672_1.png,1
image_01150_1.png,1
image_01576_1.png,1
image_00796_0.png,0
image_01766_1.png,1
image_00910_0.png,0
image_01798_1.png,1
image_00151_1.png,1
image_00920_1.png,1
image_01492_1.png,1
image_00309_1.png,1
image_00353_1.png,1
image_00866_1.png,1
image_01423_1.png,1
image_00494_1.png,1
image_00953_1.png,1
image_01351_1.png,1
image_01626_1.png,1
image_00426_1.png,1
image_01594_1.png,1
image_00362_1.png,1
image_00640_1.png,1
image_01583_1.png,1
image_01572_0.png,0
image_01120_0.png,0
image_00233_1.png,1
image_00388_1.png,1
image_00933_1.png,1
image_01489_1.png,1
image_00241_1.png,1
image_00268_1.png,1
image_01700_0.png,0
image_01140_0.png,0
image_00152_1.png,1
image_00506_0.png,0
image_00561_1.png,1
image_01212_1.png,1
image_01538_1.png,1
image_00816_1.png,1
image_01157_1.png,1
image_00392_1.png,1
image_00573_1.png,1
image_01373_1.png,1
image_00873_1.png,1
image_00726_1.png,1
image_00745_1.png,1
image_01118_1.png,1
image_01155_1.png,1
image_01224_1.png,1
image_01213_1.png,1
image_00278_1.png,1
image_01023_1.png,1
image_00762_1.png,1
image_00907_1.png,1
image_00093_1.png,1
image_00960_1.png,1
image_00360_1.png,1
image_01306_1.png,1
image_01436_1.png,1
image_00455_1.png,1
image_00536_1.png,1
image_01635_1.png,1
image_01095_1.png,1
image_00970_1.png,1
image_01425_1.png,1
image_01694_1.png,1
image_00223_1.png,1
image_00545_1.png,1
image_00186_1.png,1
image_01260_1.png,1
image_00659_1.png,1
image_01310_1.png,1
image_00192_0.png,0
image_00853_0.png,0
image_00637_1.png,1
image_01600_1.png,1
image_00992_1.png,1
image_00819_1.png,1
image_00667_1.png,1
image_01011_1.png,1
image_00304_1.png,1
image_00250_1.png,1
image_00467_1.png,1
image_01152_1.png,1
image_00009_1.png,1
image_00276_1.png,1
image_00619_1.png,1
image_00852_1.png,1
image_00529_1.png,1
image_00988_1.png,1
image_01653_1.png,1
image_00378_1.png,1
image_00396_1.png,1
image_00641_1.png,1
image_00519_1.png,1
image_01775_1.png,1
image_01529_1.png,1
image_01166_1.png,1
image_00760_1.png,1
image_00581_1.png,1
image_00995_1.png,1
image_00823_1.png,1
image_01683_0.png,0
image_01203_1.png,1
image_01687_1.png,1
image_00322_1.png,1
image_00456_0.png,0
image_01067_1.png,1
image_00488_1.png,1
image_00571_1.png,1
image_00773_1.png,1
image_01591_1.png,1
image_00552_1.png,1
image_00030_0.png,0
image_00141_1.png,1
image_00056_1.png,1
image_01580_1.png,1
image_00784_1.png,1
image_00317_1.png,1
image_00721_1.png,1
image_00123_1.png,1
image_00508_1.png,1
image_00148_0.png,0
image_01343_1.png,1
image_00497_1.png,1
image_00386_1.png,1
image_01550_1.png,1
image_00174_1.png,1
image_01544_1.png,1
image_00416_1.png,1
image_00523_0.png,0
image_01662_1.png,1
image_01241_0.png,0
image_00341_1.png,1
image_00337_1.png,1
image_00979_0.png,0
image_00078_1.png,1
image_00925_1.png,1
image_00085_1.png,1
image_01669_1.png,1
image_01383_1.png,1
image_01485_1.png,1
image_01728_1.png,1
image_00153_1.png,1
image_00035_1.png,1
image_00390_1.png,1
image_00698_1.png,1
image_00583_1.png,1
image_01206_1.png,1
image_01440_1.png,1
image_00897_0.png,0
image_01227_1.png,1
image_00512_1.png,1
image_00466_1.png,1
image_00287_1.png,1
image_00320_1.png,1
image_00017_1.png,1
image_00489_1.png,1
image_01749_1.png,1
image_00285_1.png,1
image_01293_1.png,1
image_00193_1.png,1
image_00010_1.png,1
image_00340_1.png,1
image_00005_0.png,0
image_00582_1.png,1
image_00632_0.png,0
image_00375_1.png,1
image_01523_1.png,1
image_01273_1.png,1
image_01020_1.png,1
image_01584_1.png,1
image_00790_0.png,0
image_00305_1.png,1
image_00818_1.png,1
image_00556_1.png,1
image_00809_1.png,1
image_01035_1.png,1
image_00590_0.png,0
image_01520_1.png,1
image_01559_0.png,0
image_01149_1.png,1
image_00684_1.png,1
image_01230_1.png,1
image_00707_1.png,1
image_00742_1.png,1
image_00982_1.png,1
image_00584_1.png,1
image_00173_1.png,1
image_00538_1.png,1
image_00687_0.png,0
image_01175_1.png,1
image_01117_1.png,1
image_00969_0.png,0
image_01578_1.png,1
image_01586_1.png,1
image_01049_1.png,1
image_01419_1.png,1
image_00865_1.png,1
image_01614_1.png,1
image_01366_1.png,1
image_01478_1.png,1
image_01579_1.png,1
image_00825_1.png,1
image_01454_1.png,1
image_01345_1.png,1
image_00197_1.png,1
image_01033_1.png,1
image_01071_1.png,1
image_01444_1.png,1
image_00734_1.png,1
image_01718_1.png,1
image_00950_1.png,1
image_00908_1.png,1
image_00236_1.png,1
image_00763_1.png,1
image_00683_1.png,1
image_00140_0.png,0
image_00131_1.png,1
image_00075_1.png,1
image_00779_0.png,0
image_01596_1.png,1
image_01380_1.png,1
image_01468_1.png,1
image_00014_1.png,1
image_00208_1.png,1
image_01168_1.png,1
image_01421_1.png,1
image_00176_1.png,1
image_00836_1.png,1
image_01315_0.png,0
image_00215_1.png,1
image_00012_1.png,1
image_00824_1.png,1
image_00310_1.png,1
image_00613_1.png,1
image_01474_1.png,1
image_00547_1.png,1
image_01142_1.png,1
image_00293_1.png,1
image_00020_1.png,1
image_01193_1.png,1
image_01480_1.png,1
image_00297_1.png,1
image_00521_1.png,1
image_01675_1.png,1
image_01541_1.png,1
image_01449_1.png,1
image_01779_1.png,1
image_01214_1.png,1
image_01619_1.png,1
image_01618_1.png,1
image_01372_1.png,1
image_01311_1.png,1
image_00594_1.png,1
image_00833_1.png,1
image_00507_1.png,1
image_01200_1.png,1
image_01244_1.png,1
image_01774_1.png,1
image_00261_1.png,1
image_00110_1.png,1
image_01207_1.png,1
image_01554_1.png,1
image_00695_1.png,1
image_00027_1.png,1
image_00770_1.png,1
image_01587_1.png,1
image_01710_1.png,1
image_01649_1.png,1
image_00513_1.png,1
image_00406_1.png,1
image_00537_0.png,0
image_00674_1.png,1
image_01043_1.png,1
image_00997_1.png,1
image_00511_1.png,1
image_00678_1.png,1
image_01367_1.png,1
image_00961_1.png,1
image_00475_1.png,1
image_00159_1.png,1
image_00927_1.png,1
image_01072_0.png,0
image_00175_1.png,1
image_01217_1.png,1
image_01192_1.png,1
image_01378_1.png,1
image_00940_1.png,1
image_00572_0.png,0
image_01186_1.png,1
image_00754_1.png,1
image_00469_0.png,0
image_00495_1.png,1
image_00919_1.png,1
image_00483_1.png,1
image_00034_1.png,1
image_00132_1.png,1
image_00502_1.png,1
image_00163_1.png,1
image_00281_1.png,1
image_01476_1.png,1
image_00334_1.png,1
image_01688_1.png,1
image_00265_1.png,1
image_00860_1.png,1
image_00106_0.png,0
image_01337_1.png,1
image_01487_1.png,1
image_01041_1.png,1
image_00685_1.png,1
image_01650_1.png,1
image_01005_1.png,1
image_00196_1.png,1
image_00570_1.png,1
image_01051_1.png,1
image_01625_1.png,1
image_01623_1.png,1
image_00382_1.png,1
image_01452_1.png,1
image_00898_1.png,1
image_00664_1.png,1
image_00381_1.png,1
image_01316_1.png,1
image_01601_1.png,1
image_00410_1.png,1
image_00855_1.png,1
image_00435_1.png,1
image_01612_1.png,1
image_00759_1.png,1
image_01328_1.png,1
image_01726_1.png,1
image_00945_1.png,1
image_01661_1.png,1
image_00802_1.png,1
image_00162_1.png,1
image_01785_1.png,1
image_00708_1.png,1
image_01707_1.png,1
image_00352_1.png,1
image_01458_1.png,1
image_01356_1.png,1
image_01627_1.png,1
image_01428_1.png,1
image_01772_1.png,1
image_00704_1.png,1
image_01429_0.png,0
image_00768_1.png,1
image_01729_1.png,1
image_00634_1.png,1
image_00089_1.png,1
image_00376_1.png,1
image_01392_1.png,1
image_01309_1.png,1
image_00335_1.png,1
image_00625_0.png,0
image_00630_1.png,1
image_01639_1.png,1
image_00850_1.png,1
image_00665_1.png,1
image_00058_1.png,1
image_00350_1.png,1
image_01056_1.png,1
image_00883_1.png,1
image_01188_1.png,1
image_01341_0.png,0
image_01464_1.png,1
image_01731_1.png,1
image_01607_1.png,1
image_00624_1.png,1
image_00051_1.png,1
image_00681_1.png,1
image_01512_1.png,1
image_00954_1.png,1
image_00358_1.png,1
image_01375_1.png,1
image_01695_0.png,0
image_00344_1.png,1
image_00183_1.png,1
image_00490_1.png,1
image_00649_1.png,1
image_00831_0.png,0
image_01548_1.png,1
image_00792_1.png,1
image_00046_1.png,1
image_00290_1.png,1
image_00143_1.png,1
image_00266_1.png,1
image_01050_1.png,1
image_01202_1.png,1
image_00611_1.png,1
image_01215_0.png,0
image_01606_1.png,1
image_00709_1.png,1
image_00249_0.png,0
image_00913_1.png,1
image_00122_1.png,1
image_00135_1.png,1
image_01592_1.png,1
image_01405_1.png,1
image_00895_1.png,1
image_00912_1.png,1
image_01262_1.png,1
image_00929_1.png,1
image_00642_1.png,1
image_01521_1.png,1
image_01270_1.png,1
image_00943_1.png,1
image_01571_1.png,1
image_01019_1.png,1
image_00914_1.png,1
image_01555_1.png,1
image_00029_0.png,0
image_01232_1.png,1
image_00367_1.png,1
image_01254_1.png,1
image_01278_1.png,1
image_00434_0.png,0
image_01259_1.png,1
image_01002_1.png,1
image_01426_1.png,1
image_01502_1.png,1
image_00863_1.png,1
image_00775_1.png,1
image_00817_0.png,0
image_01397_1.png,1
image_01279_1.png,1
image_00038_1.png,1
image_00535_1.png,1
image_00399_1.png,1
image_00748_1.png,1
image_01357_1.png,1
image_00951_0.png,0
image_01246_1.png,1
image_00952_1.png,1
image_00924_1.png,1
image_01556_1.png,1
image_01629_1.png,1
image_00325_1.png,1
image_00279_0.png,0
image_01370_1.png,1
image_00691_1.png,1
image_01410_1.png,1
image_00761_1.png,1
image_00409_1.png,1
image_01272_1.png,1
image_01194_1.png,1
image_00926_1.png,1
image_01223_1.png,1
image_00815_0.png,0
image_00858_1.png,1
image_01506_1.png,1
image_00384_1.png,1
image_00654_1.png,1
image_00989_1.png,1
image_00189_1.png,1
image_00054_1.png,1
image_00201_1.png,1
image_01190_1.png,1
image_00402_1.png,1
image_01563_1.png,1
image_00550_1.png,1
image_01057_1.png,1
image_01518_1.png,1
image_01783_1.png,1
image_00227_1.png,1
image_01613_1.png,1
image_00308_1.png,1
image_00348_1.png,1
image_00354_1.png,1
image_01717_1.png,1
image_01018_1.png,1
image_01299_1.png,1
image_00318_1.png,1
image_01243_1.png,1
image_01597_1.png,1
image_00414_1.png,1
image_01308_1.png,1
image_01292_0.png,0
image_00063_1.png,1
image_00373_1.png,1
image_01381_1.png,1
image_00751_1.png,1
image_01466_1.png,1
image_00601_1.png,1
image_00805_0.png,0
image_00526_1.png,1
image_01498_1.png,1
image_00974_1.png,1
image_01114_0.png,0
image_01593_1.png,1
image_00423_1.png,1
image_00764_1.png,1
image_00689_1.png,1
image_01235_1.png,1
image_00479_1.png,1
image_01326_1.png,1
image_00651_1.png,1
image_00752_1.png,1
image_01288_1.png,1
image_00369_1.png,1
image_01017_1.png,1
image_00445_1.png,1
image_00958_1.png,1
image_00797_1.png,1
image_00663_1.png,1
image_00946_0.png,0
image_00271_1.png,1
image_01030_1.png,1
image_01610_1.png,1
image_00516_1.png,1
image_01111_1.png,1
image_01435_1.png,1
image_01431_1.png,1
image_00662_1.png,1
image_01394_1.png,1
image_00094_1.png,1
image_01713_1.png,1
image_00326_1.png,1
image_00116_1.png,1
image_01281_1.png,1
image_00033_1.png,1
image_00424_1.png,1
image_00504_0.png,0
image_00130_1.png,1
image_01003_1.png,1
image_01153_1.png,1
image_01137_1.png,1
image_00464_1.png,1
image_01552_1.png,1
image_00385_1.png,1
image_01039_1.png,1
image_00275_1.png,1
image_00092_1.png,1
image_00073_1.png,1
image_01156_1.png,1
image_01760_1.png,1
image_01350_1.png,1
image_00702_1.png,1
image_00482_1.png,1
image_01329_1.png,1
image_01467_1.png,1
image_01715_1.png,1
image_01290_1.png,1
image_00676_1.png,1
image_00101_1.png,1
image_00022_1.png,1
image_00599_1.png,1
image_01283_1.png,1
image_00501_0.png,0
image_01547_1.png,1
image_00302_1.png,1
image_01195_1.png,1
image_00806_1.png,1
image_00778_1.png,1
image_01171_1.png,1
image_00114_1.png,1
image_00403_1.png,1
image_00365_1.png,1
image_01000_1.png,1
image_00928_1.png,1
image_00083_1.png,1
image_00472_1.png,1
image_01758_1.png,1
image_00947_1.png,1
image_01124_0.png,0
image_01577_0.png,0
image_01261_1.png,1
image_01076_1.png,1
image_01374_1.png,1
image_01510_0.png,0
image_00968_1.png,1
image_00822_1.png,1
image_01427_1.png,1
image_01276_0.png,0
image_00306_1.png,1
image_00055_1.png,1
image_00880_1.png,1
image_01704_1.png,1
image_01722_1.png,1
image_00505_1.png,1
image_00845_1.png,1
image_01388_0.png,0
image_00666_1.png,1
image_01441_1.png,1
image_00380_1.png,1
image_00826_1.png,1
image_01233_1.png,1
image_00690_1.png,1
image_00905_0.png,0
image_01663_1.png,1
image_01185_1.png,1
image_00018_1.png,1
image_01648_0.png,0
image_01420_1.png,1
image_01044_1.png,1
image_00991_1.png,1
image_01509_1.png,1
image_00053_1.png,1
image_01354_1.png,1
image_00948_1.png,1
image_00422_1.png,1
image_00700_1.png,1
image_00921_1.png,1
image_01062_1.png,1
image_00917_1.png,1
image_00481_1.png,1
image_00597_1.png,1
image_00652_1.png,1
image_00808_1.png,1
image_00598_1.png,1
image_01437_1.png,1
image_00899_1.png,1
image_01159_1.png,1
image_00165_1.png,1
image_00964_1.png,1
image_00882_1.png,1
image_00137_1.png,1
image_00844_1.png,1
image_00749_1.png,1
image_00224_1.png,1
image_00470_0.png,0
image_00239_1.png,1
image_00580_1.png,1
image_00938_1.png,1
image_00195_1.png,1
image_01253_1.png,1
image_00944_1.png,1
image_00522_1.png,1
image_00620_0.png,0
image_01637_1.png,1
image_00575_0.png,0
image_00451_1.png,1
image_00485_1.png,1
image_00168_1.png,1
image_00983_1.png,1
image_00355_1.png,1
image_01508_1.png,1
image_01784_1.png,1
image_00527_1.png,1
image_01285_1.png,1
image_00996_1.png,1
image_00448_1.png,1
image_00503_1.png,1
image_01088_1.png,1
